split,lexical_weight,semantic_weight,behavioral_weight,impressions,hit_at_5,hit_at_10,mrr,mean_candidates,runtime_seconds
train,0.0,0.0,1.0,232887,0.655150351887396,0.8924070471945622,0.34857288455724406,11.103011331675877,517.9732410999713
train,0.0,0.1,0.9,232887,0.6597749122965215,0.8924156350504752,0.3619318540041365,11.103011331675877,517.9732410999713
train,0.0,0.2,0.8,232887,0.6585897881805339,0.892261053644042,0.3611040514970837,11.103011331675877,517.9732410999713
train,0.0,0.3,0.7,232887,0.6577739418688033,0.8917243126494824,0.3598558342011133,11.103011331675877,517.9732410999713
train,0.0,0.4,0.6,232887,0.6546436683885318,0.8902128500088026,0.35800729992805613,11.103011331675877,517.9732410999713
train,0.0,0.5,0.5,232887,0.6483530639322933,0.8878941289123051,0.35381463177501354,11.103011331675877,517.9732410999713
train,0.0,0.6,0.4,232887,0.6387089017420465,0.8828101182118366,0.3486204376874121,11.103011331675877,517.9732410999713
train,0.0,0.7,0.3,232887,0.6274716922799469,0.8771292515254179,0.3426122756402605,11.103011331675877,517.9732410999713
train,0.0,0.8,0.2,232887,0.6167969873801458,0.8707742381498323,0.3354418317540486,11.103011331675877,517.9732410999713
train,0.0,0.9,0.1,232887,0.6062210428233435,0.8655356460429307,0.32790363614677237,11.103011331675877,517.9732410999713
train,0.0,1.0,0.0,232887,0.5968989252298325,0.8605203381897658,0.32037131889514714,11.103011331675877,517.9732410999713
train,0.1,0.0,0.9,232887,0.655996255694822,0.8907581788592751,0.35777649206945533,11.103011331675877,517.9732410999713
train,0.1,0.1,0.8,232887,0.656168012813081,0.8908354695624917,0.3579466577031394,11.103011331675877,517.9732410999713
train,0.1,0.2,0.7,232887,0.6555926264669132,0.8909213481216213,0.3580126918470263,11.103011331675877,517.9732410999713
train,0.1,0.3,0.6,232887,0.6533726657134147,0.8900067414668916,0.3566890164778473,11.103011331675877,517.9732410999713
train,0.1,0.4,0.5,232887,0.6482457157333814,0.8879885953273476,0.35379030148662305,11.103011331675877,517.9732410999713
train,0.1,0.5,0.4,232887,0.6393401091516486,0.883578731316046,0.3479708100656113,11.103011331675877,517.9732410999713
train,0.1,0.6,0.3,232887,0.627183999106863,0.8770734304619837,0.34170911448373353,11.103011331675877,517.9732410999713
train,0.1,0.7,0.2,232887,0.6155646300566369,0.8710576373949598,0.3341069040429011,11.103011331675877,517.9732410999713
train,0.1,0.8,0.1,232887,0.6042587177472336,0.8649559657688063,0.3264457814157602,11.103011331675877,517.9732410999713
train,0.1,0.9,0.0,232887,0.594408447015076,0.8598891307801638,0.31882980243901404,11.103011331675877,517.9732410999713
train,0.2,0.0,0.8,232887,0.6538235281488447,0.8901398532335425,0.35643191637132227,11.103011331675877,517.9732410999713
train,0.2,0.1,0.7,232887,0.6531064421801132,0.8899981536109787,0.3558898137261761,11.103011331675877,517.9732410999713
train,0.2,0.2,0.6,232887,0.6518826727125172,0.8892681858583776,0.3547135796433348,11.103011331675877,517.9732410999713
train,0.2,0.3,0.5,232887,0.6473783422861731,0.8873745636295715,0.3521676836404263,11.103011331675877,517.9732410999713
train,0.2,0.4,0.4,232887,0.6385543203356134,0.8836173766676543,0.34686669809228166,11.103011331675877,517.9732410999713
train,0.2,0.5,0.3,232887,0.6255480125554453,0.8777089317995422,0.3400212669779744,11.103011331675877,517.9732410999713
train,0.2,0.6,0.2,232887,0.6131900878967053,0.8707527685100499,0.33273720172778337,11.103011331675877,517.9732410999713
train,0.2,0.7,0.1,232887,0.6019571723625621,0.864835735786025,0.32487259870360113,11.103011331675877,517.9732410999713
train,0.2,0.8,0.0,232887,0.5921197834142738,0.8596272011748187,0.3174975380182866,11.103011331675877,517.9732410999713
train,0.3,0.0,0.7,232887,0.6513802831416095,0.8891264862358139,0.35429428562496024,11.103011331675877,517.9732410999713
train,0.3,0.1,0.6,232887,0.6491646163160675,0.888198997797215,0.3531803392249182,11.103011331675877,517.9732410999713
train,0.3,0.2,0.5,232887,0.6452657297315866,0.8865930687414927,0.35031037562474887,11.103011331675877,517.9732410999713
train,0.3,0.3,0.4,232887,0.6366091709713294,0.8834499134773517,0.34482146500397054,11.103011331675877,517.9732410999713
train,0.3,0.4,0.3,232887,0.6239377895717666,0.877481353617849,0.3383065227107173,11.103011331675877,517.9732410999713
train,0.3,0.5,0.2,232887,0.6100812840562161,0.8705981871036168,0.3306325233070846,11.103011331675877,517.9732410999713
train,0.3,0.6,0.1,232887,0.598831192810247,0.8643247583592043,0.3230672794969518,11.103011331675877,517.9732410999713
train,0.3,0.7,-0.0,232887,0.5892471456113909,0.85929656872217,0.31594855138071715,11.103011331675877,517.9732410999713
train,0.4,0.0,0.6,232887,0.6462103938820114,0.8869666404737061,0.3509673501793021,11.103011331675877,517.9732410999713
train,0.4,0.1,0.5,232887,0.6417275330954497,0.8850601364610304,0.34802512348708037,11.103011331675877,517.9732410999713
train,0.4,0.2,0.4,232887,0.6321907191041148,0.8821789108022345,0.3427365433167457,11.103011331675877,517.9732410999713
train,0.4,0.3,0.3,232887,0.6202407176012401,0.8770691365340272,0.33571095069610807,11.103011331675877,517.9732410999713
train,0.4,0.4,0.2,232887,0.6075865119135031,0.8702374971552728,0.32850812115113426,11.103011331675877,517.9732410999713
train,0.4,0.5,0.1,232887,0.5957052132579319,0.8638481323560353,0.3215010208780257,11.103011331675877,517.9732410999713
train,0.4,0.6,-0.0,232887,0.5860481692838158,0.8584721345545264,0.31457074102323146,11.103011331675877,517.9732410999713
train,0.5,0.0,0.5,232887,0.6369999184153688,0.8837247248665662,0.34467366921250986,11.103011331675877,517.9732410999713
train,0.5,0.1,0.4,232887,0.6285967014045438,0.8798988350573455,0.33998696029315983,11.103011331675877,517.9732410999713
train,0.5,0.2,0.3,232887,0.6167325784607985,0.8753300957116541,0.3335469236812388,11.103011331675877,517.9732410999713
train,0.5,0.3,0.2,232887,0.6039667306461932,0.8691811908779794,0.32651886038180145,11.103011331675877,517.9732410999713
train,0.5,0.4,0.1,232887,0.5921798984056645,0.862899174277654,0.31939089116563457,11.103011331675877,517.9732410999713
train,0.5,0.5,0.0,232887,0.582853486884197,0.8574372979170155,0.3132185221691788,11.103011331675877,517.9732410999713
train,0.6,0.0,0.4,232887,0.6239678470674619,0.8781168549554076,0.33710372759180657,11.103011331675877,517.9732410999713
train,0.6,0.1,0.3,232887,0.6129882732827509,0.8736339941688458,0.33115686012141016,11.103011331675877,517.9732410999713
train,0.6,0.2,0.2,232887,0.601424725295959,0.8678672489232976,0.3246621213675279,11.103011331675877,517.9732410999713
train,0.6,0.3,0.1,232887,0.5897237716145598,0.8619673919110985,0.31807463325916185,11.103011331675877,517.9732410999713
train,0.6,0.4,-0.0,232887,0.5797146255480126,0.8565441609020684,0.3115557324847616,11.103011331675877,517.9732410999713
train,0.7,0.0,0.3,232887,0.609639009476699,0.8719550683378634,0.3293635306878908,11.103011331675877,517.9732410999713
train,0.7,0.1,0.2,232887,0.5988183110263776,0.8663085530750965,0.32284708165514253,11.103011331675877,517.9732410999713
train,0.7,0.2,0.1,232887,0.5881178425588376,0.8606663317402861,0.31681003054466356,11.103011331675877,517.9732410999713
train,0.7,0.3,-0.0,232887,0.5784951500083731,0.855693963166686,0.31078817349174415,11.103011331675877,517.9732410999713
train,0.8,0.0,0.2,232887,0.596911807013702,0.8652522467978032,0.3216431128137224,11.103011331675877,517.9732410999713
train,0.8,0.1,0.1,232887,0.5871645905524997,0.8597345493737306,0.3155957255761454,11.103011331675877,517.9732410999713
train,0.8,0.2,-0.0,232887,0.5780356997170302,0.8547836504399129,0.3102457719466906,11.103011331675877,517.9732410999713
train,0.9,0.0,0.1,232887,0.5861984567622924,0.859008875549086,0.315082672656259,11.103011331675877,517.9732410999713
train,0.9,0.1,-0.0,232887,0.5774388437310799,0.8540708583991378,0.30965192577433065,11.103011331675877,517.9732410999713
train,1.0,0.0,0.0,232887,0.5777480065439462,0.8538432802174445,0.3094895975373255,11.103011331675877,517.9732410999713
validation,0.0,0.0,1.0,244647,0.6324091446042666,0.86886820602746,0.33934434362731664,11.972114924769157,545.533905099961
validation,0.0,0.1,0.9,244647,0.6394151573491602,0.8702089132505202,0.3543232747702952,11.972114924769157,545.533905099961
validation,0.0,0.2,0.8,244647,0.6377351857983135,0.8698246861804968,0.35374871338655184,11.972114924769157,545.533905099961
validation,0.0,0.3,0.7,244647,0.6357323000077663,0.8686515673603191,0.3527812404927329,11.972114924769157,545.533905099961
validation,0.0,0.4,0.6,244647,0.6318818542634899,0.8681488021516716,0.3507844730963016,11.972114924769157,545.533905099961
validation,0.0,0.5,0.5,244647,0.6248594914305101,0.8655368755799172,0.3461248921392206,11.972114924769157,545.533905099961
validation,0.0,0.6,0.4,244647,0.6143177721369973,0.8604356480970541,0.3404160024167002,11.972114924769157,545.533905099961
validation,0.0,0.7,0.3,244647,0.6040335667308407,0.8551995323874807,0.3343016516460634,11.972114924769157,545.533905099961
validation,0.0,0.8,0.2,244647,0.5935368101795648,0.8498530535833262,0.3270358114249749,11.972114924769157,545.533905099961
validation,0.0,0.9,0.1,244647,0.5820508732990799,0.8452014535228308,0.31846051660381164,11.972114924769157,545.533905099961
validation,0.0,1.0,0.0,244647,0.572285783189657,0.8408155423937347,0.3101115985426903,11.972114924769157,545.533905099961
validation,0.1,0.0,0.9,244647,0.6329773101652585,0.8673517353574742,0.3473408886464556,11.972114924769157,545.533905099961
validation,0.1,0.1,0.8,244647,0.6334432876757123,0.8677359624274976,0.3485705348347348,11.972114924769157,545.533905099961
validation,0.1,0.2,0.7,244647,0.6323437442519222,0.8676909996852608,0.349302012897343,11.972114924769157,545.533905099961
validation,0.1,0.3,0.6,244647,0.6296664173278234,0.8672291096968285,0.34809796602352944,11.972114924769157,545.533905099961
validation,0.1,0.4,0.5,244647,0.6237108977424616,0.8653774622210777,0.3447337513917937,11.972114924769157,545.533905099961
validation,0.1,0.5,0.4,244647,0.61327954154353,0.8610978266645412,0.33877481528642134,11.972114924769157,545.533905099961
validation,0.1,0.6,0.3,244647,0.6018508299713464,0.8551463946012009,0.33224416470250706,11.972114924769157,545.533905099961
validation,0.1,0.7,0.2,244647,0.5914358238605011,0.8496078022620347,0.32471692359972626,11.972114924769157,545.533905099961
validation,0.1,0.8,0.1,244647,0.5793081460226367,0.8445229248672578,0.3156746289059548,11.972114924769157,545.533905099961
validation,0.1,0.9,0.0,244647,0.5689135775218989,0.8396465110955785,0.3072881148177964,11.972114924769157,545.533905099961
validation,0.2,0.0,0.8,244647,0.6305861097826665,0.8660519033546293,0.3455864139126473,11.972114924769157,545.533905099961
validation,0.2,0.1,0.7,244647,0.629204527339391,0.8662971546759208,0.3455923885929915,11.972114924769157,545.533905099961
validation,0.2,0.2,0.6,244647,0.6271280661524564,0.8660559908766509,0.34457054086733696,11.972114924769157,545.533905099961
validation,0.2,0.3,0.5,244647,0.621229771875396,0.8644209820680409,0.3422832423188723,11.972114924769157,545.533905099961
validation,0.2,0.4,0.4,244647,0.6106921401039048,0.8611714020609286,0.33684088926302025,11.972114924769157,545.533905099961
validation,0.2,0.5,0.3,244647,0.5989200766819132,0.8551218694690718,0.32981806516356144,11.972114924769157,545.533905099961
validation,0.2,0.6,0.2,244647,0.5880104804064632,0.8488189105118804,0.3216241628205024,11.972114924769157,545.533905099961
validation,0.2,0.7,0.1,244647,0.5758501023924266,0.8434152063994245,0.31261999476751706,11.972114924769157,545.533905099961
validation,0.2,0.8,0.0,244647,0.5655781595523346,0.83825675360826,0.30428633812368694,11.972114924769157,545.533905099961
validation,0.3,0.0,0.7,244647,0.626236986351764,0.8648379093142364,0.3429911011118805,11.972114924769157,545.533905099961
validation,0.3,0.1,0.6,244647,0.623784473138849,0.8645967455149665,0.34155607718062386,11.972114924769157,545.533905099961
validation,0.3,0.2,0.5,244647,0.6181273426610586,0.8633132636002077,0.3390324371277788,11.972114924769157,545.533905099961
validation,0.3,0.3,0.4,244647,0.6080802135321504,0.8602884973042793,0.33372715734230946,11.972114924769157,545.533905099961
validation,0.3,0.4,0.3,244647,0.5963122376321802,0.8549665436322538,0.32686803876944437,11.972114924769157,545.533905099961
validation,0.3,0.5,0.2,244647,0.584029233957498,0.8482425699068453,0.31836841600507365,11.972114924769157,545.533905099961
validation,0.3,0.6,0.1,244647,0.5728416861845843,0.8422257374911607,0.30945658427162265,11.972114924769157,545.533905099961
validation,0.3,0.7,-0.0,244647,0.5617604139842304,0.8373738488516107,0.3013093893525769,11.972114924769157,545.533905099961
validation,0.4,0.0,0.6,244647,0.6197787015577546,0.8626878727309143,0.3388437433948725,11.972114924769157,545.533905099961
validation,0.4,0.1,0.5,244647,0.6143136846149758,0.8614984038226506,0.33588507798479217,11.972114924769157,545.533905099961
validation,0.4,0.2,0.4,244647,0.6040131291207331,0.8590377155656926,0.3304655925581648,11.972114924769157,545.533905099961
validation,0.4,0.3,0.3,244647,0.5925598924164204,0.8540632012654968,0.3232539744987469,11.972114924769157,545.533905099961
validation,0.4,0.4,0.2,244647,0.5800520750305542,0.8473882778043467,0.3150944829273901,11.972114924769157,545.533905099961
validation,0.4,0.5,0.1,244647,0.5680960731175939,0.841457283351114,0.3063471915425033,11.972114924769157,545.533905099961
validation,0.4,0.6,-0.0,244647,0.5585067464550966,0.8363724059563371,0.2986558001099302,11.972114924769157,545.533905099961
validation,0.5,0.0,0.5,244647,0.6096620845544806,0.8594055925476298,0.3320130534739874,11.972114924769157,545.533905099961
validation,0.5,0.1,0.4,244647,0.5995781677273786,0.8568304536740692,0.3266654600554516,11.972114924769157,545.533905099961
validation,0.5,0.2,0.3,244647,0.5882598192497762,0.8525876058157263,0.3201989031369318,11.972114924769157,545.533905099961
validation,0.5,0.3,0.2,244647,0.5762384169844715,0.8464317976513098,0.3121997589423376,11.972114924769157,545.533905099961
validation,0.5,0.4,0.1,244647,0.5647361300159005,0.8399081125049561,0.303553818293953,11.972114924769157,545.533905099961
validation,0.5,0.5,0.0,244647,0.5550814030010587,0.8349335982047603,0.2963188161176631,11.972114924769157,545.533905099961
validation,0.6,0.0,0.4,244647,0.5958339975556618,0.8546763295687255,0.3241327857966916,11.972114924769157,545.533905099961
validation,0.6,0.1,0.3,244647,0.5851941777336326,0.8501310050807899,0.31772674109650406,11.972114924769157,545.533905099961
validation,0.6,0.2,0.2,244647,0.5727681107881969,0.8448335765408936,0.31000446325054615,11.972114924769157,545.533905099961
validation,0.6,0.3,0.1,244647,0.5618380769026393,0.8388412692573382,0.30230780986214384,11.972114924769157,545.533905099961
validation,0.6,0.4,-0.0,244647,0.5525798395238855,0.834050693448111,0.2952537050542685,11.972114924769157,545.533905099961
validation,0.7,0.0,0.3,244647,0.5825372884196414,0.8488107354678374,0.3157753061822485,11.972114924769157,545.533905099961
validation,0.7,0.1,0.2,244647,0.5717503178048372,0.8435460071041133,0.30875960657815177,11.972114924769157,545.533905099961
validation,0.7,0.2,0.1,244647,0.5602889060564814,0.8373247985873524,0.3014140214254604,11.972114924769157,545.533905099961
validation,0.7,0.3,-0.0,244647,0.5510306686777275,0.832812174275589,0.29474505695534386,11.972114924769157,545.533905099961
validation,0.8,0.0,0.2,244647,0.5699150204171725,0.8422298250131822,0.308009699097112,11.972114924769157,545.533905099961
validation,0.8,0.1,0.1,244647,0.5588337482168185,0.8367198453281667,0.30111621146860185,11.972114924769157,545.533905099961
validation,0.8,0.2,-0.0,244647,0.5501845516192718,0.8320069324373485,0.2946952584544401,11.972114924769157,545.533905099961
validation,0.9,0.0,0.1,244647,0.5588705359150122,0.8359268660559909,0.30109336713364193,11.972114924769157,545.533905099961
validation,0.9,0.1,-0.0,244647,0.5500047006503248,0.8313733665240122,0.294902819762169,11.972114924769157,545.533905099961
validation,1.0,0.0,0.0,244647,0.5502336018835301,0.8313815415680552,0.295523145329314,11.972114924769157,545.533905099961
